{
  "IcoMoonType": "selection",
  "icons": [
    {
      "icon": {
        "paths": [
          "M512 1024c282.771 0 512-229.229 512-512 0-282.77-229.229-512-512-512-282.77 0-512 229.23-512 512 0 282.771 229.23 512 512 512z",
          "M0 512c0-282.768 229.232-512 512-512s512 229.232 512 512z"
        ],
        "attrs": [
          {
            "fill": "rgb(255, 218, 68)"
          },
          {
            "fill": "rgb(51, 138, 243)"
          }
        ],
        "isMulticolor": true,
        "isMulticolor2": false,
        "grid": 0,
        "tags": [
          "ukraine"
        ],
        "colorPermutations": {
          "1331701591216039124024024012522522521255218681511382431821801": [
            {
              "f": 4
            },
            {
              "f": 2
            }
          ]
        }
      },
      "attrs": [
        {
          "fill": "rgb(255, 218, 68)"
        },
        {
          "fill": "rgb(51, 138, 243)"
        }
      ],
      "properties": {
        "order": 110,
        "id": 2,
        "name": "ukraine",
        "prevSize": 32
      },
      "setIdx": 2,
      "setId": 9,
      "iconIdx": 0
    },
    {
      "icon": {
        "paths": [
          "M512 1024c282.771 0 512-229.229 512-512 0-282.77-229.229-512-512-512-282.77 0-512 229.23-512 512 0 282.771 229.23 512 512 512z",
          "M105.843 200.285c-40.218 52.326-70.544 112.636-88.202 178.153h266.356l-178.154-178.153z",
          "M1006.368 378.438c-17.658-65.515-47.987-125.825-88.202-178.151l-178.15 178.151h266.352z",
          "M17.641 645.568c17.66 65.517 47.986 125.827 88.202 178.15l178.148-178.15h-266.35z",
          "M823.722 105.843c-52.326-40.218-112.634-70.544-178.15-88.204v266.354l178.15-178.15z",
          "M200.289 918.157c52.326 40.218 112.636 70.544 178.153 88.205v-266.352l-178.153 178.147z",
          "M378.438 17.639c-65.515 17.66-125.825 47.986-178.149 88.202l178.149 178.15v-266.352z",
          "M645.571 1006.362c65.514-17.661 125.824-47.987 178.15-88.202l-178.15-178.15v266.352z",
          "M740.016 645.568l178.15 178.154c40.214-52.326 70.544-112.637 88.202-178.154h-266.352z",
          "M1019.667 445.219h-440.883v-440.885c-21.862-2.846-44.15-4.334-66.784-4.334-22.637 0-44.922 1.488-66.781 4.334v440.882h-440.885c-2.846 21.862-4.334 44.15-4.334 66.784 0 22.637 1.488 44.922 4.334 66.781h440.882v440.886c21.862 2.845 44.147 4.333 66.784 4.333 22.634 0 44.922-1.485 66.781-4.333v-440.883h440.886c2.845-21.862 4.333-44.147 4.333-66.784 0-22.634-1.488-44.922-4.333-66.781z",
          "M645.562 645.568l228.474 228.474c10.509-10.506 20.531-21.488 30.096-32.87l-195.603-195.603h-62.966z",
          "M378.435 645.568h-0.003l-228.471 228.47c10.504 10.509 21.486 20.531 32.87 30.096l195.604-195.61v-62.957z",
          "M378.435 378.438v-0.003l-228.472-228.474c-10.508 10.504-20.532 21.486-30.096 32.87l195.606 195.607h62.962z",
          "M645.562 378.438l228.474-228.477c-10.502-10.508-21.485-20.532-32.867-30.094l-195.606 195.606v62.965z"
        ],
        "attrs": [
          {
            "fill": "rgb(240, 240, 240)"
          },
          {
            "fill": "rgb(0, 82, 180)"
          },
          {
            "fill": "rgb(0, 82, 180)"
          },
          {
            "fill": "rgb(0, 82, 180)"
          },
          {
            "fill": "rgb(0, 82, 180)"
          },
          {
            "fill": "rgb(0, 82, 180)"
          },
          {
            "fill": "rgb(0, 82, 180)"
          },
          {
            "fill": "rgb(0, 82, 180)"
          },
          {
            "fill": "rgb(0, 82, 180)"
          },
          {
            "fill": "rgb(216, 0, 39)"
          },
          {
            "fill": "rgb(216, 0, 39)"
          },
          {
            "fill": "rgb(216, 0, 39)"
          },
          {
            "fill": "rgb(216, 0, 39)"
          },
          {
            "fill": "rgb(216, 0, 39)"
          }
        ],
        "isMulticolor": true,
        "isMulticolor2": false,
        "grid": 0,
        "tags": [
          "united kingdom"
        ],
        "colorPermutations": {
          "1331701591216039124024024012522522521255218681511382431821801": [
            {
              "f": 5
            },
            {
              "f": 0
            },
            {
              "f": 0
            },
            {
              "f": 0
            },
            {
              "f": 0
            },
            {
              "f": 0
            },
            {
              "f": 0
            },
            {
              "f": 0
            },
            {
              "f": 0
            },
            {
              "f": 1
            },
            {
              "f": 1
            },
            {
              "f": 1
            },
            {
              "f": 1
            },
            {
              "f": 1
            }
          ]
        }
      },
      "attrs": [
        {
          "fill": "rgb(240, 240, 240)"
        },
        {
          "fill": "rgb(0, 82, 180)"
        },
        {
          "fill": "rgb(0, 82, 180)"
        },
        {
          "fill": "rgb(0, 82, 180)"
        },
        {
          "fill": "rgb(0, 82, 180)"
        },
        {
          "fill": "rgb(0, 82, 180)"
        },
        {
          "fill": "rgb(0, 82, 180)"
        },
        {
          "fill": "rgb(0, 82, 180)"
        },
        {
          "fill": "rgb(0, 82, 180)"
        },
        {
          "fill": "rgb(216, 0, 39)"
        },
        {
          "fill": "rgb(216, 0, 39)"
        },
        {
          "fill": "rgb(216, 0, 39)"
        },
        {
          "fill": "rgb(216, 0, 39)"
        },
        {
          "fill": "rgb(216, 0, 39)"
        }
      ],
      "properties": {
        "order": 111,
        "id": 1,
        "name": "uk",
        "prevSize": 32
      },
      "setIdx": 2,
      "setId": 9,
      "iconIdx": 1
    },
    {
      "icon": {
        "paths": [
          "M1024 512c0 282.77-229.23 512-512 512s-512-229.23-512-512c0-282.77 229.23-512 512-512s512 229.23 512 512z",
          "M523.343 486.4c152.166-114.765 158.884-184.32 0-307.2-161.912 125.501-141.043 192.026 0 307.2zM486.4 526.257c-114.765-152.164-184.32-158.884-307.2 0 125.501 161.912 192.026 141.043 307.2 0zM870.4 526.257c-114.765-152.164-184.32-158.884-307.2 0 125.501 161.912 192.026 141.043 307.2 0zM523.343 870.4c152.166-114.765 158.884-184.32 0-307.2-161.912 125.501-141.043 192.026 0 307.2z"
        ],
        "attrs": [
          {
            "fill": "rgb(133, 170, 159)"
          },
          {
            "fill": "rgb(252, 252, 252)"
          }
        ],
        "isMulticolor": true,
        "isMulticolor2": false,
        "grid": 0,
        "tags": [
          "Craftwork"
        ],
        "colorPermutations": {
          "1331701591216039124024024012522522521255218681511382431821801": [
            {
              "f": 3
            },
            {
              "f": 6
            }
          ]
        }
      },
      "attrs": [
        {
          "fill": "rgb(133, 170, 159)"
        },
        {
          "fill": "rgb(252, 252, 252)"
        }
      ],
      "properties": {
        "order": 112,
        "id": 0,
        "name": "logo",
        "prevSize": 32
      },
      "setIdx": 2,
      "setId": 9,
      "iconIdx": 2
    }
  ],
  "height": 1024,
  "preferences": {
    "showGlyphs": true,
    "showQuickUse": true,
    "showQuickUse2": false,
    "showSVGs": true,
    "fontPref": {
      "prefix": "icon-",
      "metadata": {
        "fontFamily": "icomoon"
      },
      "metrics": {
        "emSize": 1024,
        "baseline": 6.25,
        "whitespace": 50
      },
      "embed": false
    },
    "imagePref": {
      "prefix": "icon-",
      "png": false,
      "useClassSelector": true,
      "color": 0,
      "bgColor": 16777215,
      "classSelector": ".icon",
      "name": "icomoon",
      "height": 32,
      "columns": 16,
      "margin": 16
    },
    "historySize": 50,
    "showCodes": true,
    "gridSize": 16
  }
}