{
  "IcoMoonType": "selection",
  "icons": [
    {
      "icon": {
        "paths": [
          "M512 704.102l-320-320.003 44.8-44.8 275.2 275.203 275.2-275.203 44.8 44.8-320 320.003z",
          "M512 704.102l-54.306 54.303 54.306 54.308 54.308-54.308-54.308-54.303zM192 384.1l-54.306-54.306-54.306 54.306 54.306 54.306 54.306-54.306zM236.8 339.3l54.306-54.306-54.306-54.306-54.306 54.306 54.306 54.306zM512 614.502l-54.306 54.303 54.306 54.308 54.308-54.308-54.308-54.303zM787.2 339.3l54.308-54.306-54.308-54.306-54.308 54.306 54.308 54.306zM832 384.1l54.308 54.306 54.303-54.306-54.303-54.306-54.308 54.306zM566.308 649.795l-320.002-320.001-108.612 108.612 320 319.999 108.614-108.611zM246.306 438.406l44.8-44.8-108.612-108.612-44.8 44.8 108.612 108.612zM182.494 393.606l275.2 275.199 108.614-108.611-275.202-275.201-108.612 108.612zM566.308 668.805l275.2-275.199-108.616-108.612-275.198 275.201 108.614 108.611zM732.892 393.606l44.8 44.8 108.616-108.612-44.8-44.8-108.616 108.612zM777.692 329.794l-319.998 320.001 108.614 108.611 320-319.999-108.616-108.612z"
        ],
        "attrs": [],
        "grid": 0,
        "tags": [
          "d-mpr-toggle 2"
        ]
      },
      "attrs": [],
      "properties": {
        "order": 89,
        "id": 17,
        "name": "select",
        "prevSize": 32
      },
      "setIdx": 0,
      "setId": 11,
      "iconIdx": 0
    },
    {
      "icon": {
        "paths": [
          "M938.667 264.533c0-47.791 0-71.687-9.301-89.94-8.179-16.057-21.235-29.111-37.291-37.292-18.253-9.301-42.15-9.301-89.941-9.301h-17.067c-95.582 0-143.373 0-179.883 18.601-32.111 16.363-58.219 42.471-74.581 74.584-18.603 36.507-18.603 84.299-18.603 179.881v494.933l4.271-6.404c29.636-44.454 44.454-66.684 64.034-82.778 17.331-14.246 37.303-24.934 58.773-31.454 24.247-7.364 50.965-7.364 104.397-7.364h58.658c47.791 0 71.689 0 89.941-9.301 16.055-8.179 29.111-21.235 37.291-37.291 9.301-18.253 9.301-42.15 9.301-89.941v-366.933z",
          "M85.333 264.533c0-47.791 0-71.687 9.301-89.94 8.181-16.057 21.235-29.111 37.292-37.292 18.254-9.301 42.149-9.301 89.94-9.301h17.067c95.582 0 143.373 0 179.881 18.601 32.113 16.363 58.22 42.471 74.583 74.584 18.603 36.507 18.603 84.299 18.603 179.881v494.933l-4.271-6.404c-29.636-44.454-44.454-66.684-64.034-82.778-17.333-14.246-37.305-24.934-58.773-31.454-24.25-7.364-50.965-7.364-104.396-7.364h-58.659c-47.791 0-71.687 0-89.94-9.301-16.057-8.179-29.111-21.235-37.292-37.291-9.301-18.253-9.301-42.15-9.301-89.941v-366.933z"
        ],
        "attrs": [
          {
            "fill": "none",
            "strokeLinejoin": "round",
            "strokeLinecap": "round",
            "strokeMiterlimit": "4",
            "strokeWidth": 55.46666666666667
          },
          {
            "fill": "none",
            "strokeLinejoin": "round",
            "strokeLinecap": "round",
            "strokeMiterlimit": "4",
            "strokeWidth": 55.46666666666667
          }
        ],
        "grid": 0,
        "tags": [
          "book-open-01"
        ]
      },
      "attrs": [
        {
          "fill": "none",
          "strokeLinejoin": "round",
          "strokeLinecap": "round",
          "strokeMiterlimit": "4",
          "strokeWidth": 55.46666666666667
        },
        {
          "fill": "none",
          "strokeLinejoin": "round",
          "strokeLinecap": "round",
          "strokeMiterlimit": "4",
          "strokeWidth": 55.46666666666667
        }
      ],
      "properties": {
        "order": 90,
        "id": 16,
        "name": "book-open",
        "prevSize": 32
      },
      "setIdx": 0,
      "setId": 11,
      "iconIdx": 1
    },
    {
      "icon": {
        "paths": [
          "M512 128c212.077 0 384 171.923 384 384s-171.923 384-384 384c-212.077 0-384-171.923-384-384s171.923-384 384-384z"
        ],
        "attrs": [
          {
            "fill": "none",
            "strokeLinejoin": "miter",
            "strokeLinecap": "butt",
            "strokeMiterlimit": "4",
            "strokeWidth": 85.33333333333333
          }
        ],
        "grid": 0,
        "tags": [
          "btn (1)"
        ]
      },
      "attrs": [
        {
          "fill": "none",
          "strokeLinejoin": "miter",
          "strokeLinecap": "butt",
          "strokeMiterlimit": "4",
          "strokeWidth": 85.33333333333333
        }
      ],
      "properties": {
        "order": 91,
        "id": 15,
        "name": "radio-btn-empty",
        "prevSize": 32
      },
      "setIdx": 0,
      "setId": 11,
      "iconIdx": 2
    },
    {
      "icon": {
        "paths": [
          "M512 128c212.077 0 384 171.923 384 384s-171.923 384-384 384c-212.077 0-384-171.923-384-384s171.923-384 384-384z",
          "M512 298.667c117.821 0 213.333 95.513 213.333 213.333s-95.513 213.333-213.333 213.333c-117.821 0-213.333-95.513-213.333-213.333s95.513-213.333 213.333-213.333z"
        ],
        "attrs": [
          {
            "fill": "none",
            "strokeLinejoin": "miter",
            "strokeLinecap": "butt",
            "strokeMiterlimit": "4",
            "strokeWidth": 85.33333333333333
          },
          {}
        ],
        "grid": 0,
        "tags": [
          "btn"
        ]
      },
      "attrs": [
        {
          "fill": "none",
          "strokeLinejoin": "miter",
          "strokeLinecap": "butt",
          "strokeMiterlimit": "4",
          "strokeWidth": 85.33333333333333
        },
        {}
      ],
      "properties": {
        "order": 92,
        "id": 14,
        "name": "radio-btn-full",
        "prevSize": 32
      },
      "setIdx": 0,
      "setId": 11,
      "iconIdx": 3
    },
    {
      "icon": {
        "paths": [
          "M122.707 772.936c1.96-17.644 2.94-26.465 5.609-34.708 2.368-7.316 5.714-14.28 9.947-20.7 4.771-7.235 11.047-13.507 23.599-26.061l563.468-563.467c47.13-47.129 123.54-47.129 170.665 0 47.13 47.128 47.13 123.538 0 170.666l-563.467 563.47c-12.552 12.549-18.828 18.826-26.062 23.598-6.419 4.229-13.38 7.578-20.695 9.943-8.245 2.673-17.066 3.651-34.708 5.612l-144.4 16.046 16.045-144.399z"
        ],
        "attrs": [
          {
            "fill": "none",
            "strokeLinejoin": "round",
            "strokeLinecap": "round",
            "strokeMiterlimit": "4",
            "strokeWidth": 92.16000000000001
          }
        ],
        "grid": 0,
        "tags": [
          "edit-01"
        ]
      },
      "attrs": [
        {
          "fill": "none",
          "strokeLinejoin": "round",
          "strokeLinecap": "round",
          "strokeMiterlimit": "4",
          "strokeWidth": 92.16000000000001
        }
      ],
      "properties": {
        "order": 107,
        "id": 13,
        "name": "edit",
        "prevSize": 32
      },
      "setIdx": 0,
      "setId": 11,
      "iconIdx": 4
    },
    {
      "icon": {
        "paths": [
          "M469.333 170.667h-179.2c-71.687 0-107.53 0-134.911 13.951-24.085 12.272-43.666 31.853-55.938 55.938-13.951 27.38-13.951 63.224-13.951 134.911v358.4c0 71.689 0 107.529 13.951 134.912 12.272 24.085 31.853 43.665 55.938 55.936 27.38 13.952 63.224 13.952 134.911 13.952h358.4c71.689 0 107.529 0 134.912-13.952 24.085-12.271 43.665-31.851 55.936-55.936 13.952-27.383 13.952-63.223 13.952-134.912v-179.2",
          "M341.333 611.221c0-20.873 0-31.309 2.358-41.131 2.090-8.708 5.538-17.028 10.217-24.666 5.277-8.61 12.657-15.991 27.415-30.75l408.010-408.009c35.349-35.346 92.655-35.346 128 0 35.349 35.346 35.349 92.654 0 128l-408.009 408.009c-14.758 14.758-22.14 22.14-30.75 27.418-7.633 4.676-15.957 8.124-24.666 10.214-9.822 2.359-20.258 2.359-41.129 2.359h-71.447v-71.445z"
        ],
        "attrs": [
          {
            "fill": "none",
            "strokeLinejoin": "round",
            "strokeLinecap": "round",
            "strokeMiterlimit": "4",
            "strokeWidth": 55.46666666666667
          },
          {
            "fill": "none",
            "strokeLinejoin": "round",
            "strokeLinecap": "round",
            "strokeMiterlimit": "4",
            "strokeWidth": 55.46666666666667
          }
        ],
        "grid": 0,
        "tags": [
          "edit-05"
        ]
      },
      "attrs": [
        {
          "fill": "none",
          "strokeLinejoin": "round",
          "strokeLinecap": "round",
          "strokeMiterlimit": "4",
          "strokeWidth": 55.46666666666667
        },
        {
          "fill": "none",
          "strokeLinejoin": "round",
          "strokeLinecap": "round",
          "strokeMiterlimit": "4",
          "strokeWidth": 55.46666666666667
        }
      ],
      "properties": {
        "order": 99,
        "id": 12,
        "name": "edit-paper",
        "prevSize": 32
      },
      "setIdx": 0,
      "setId": 11,
      "iconIdx": 5
    },
    {
      "icon": {
        "paths": [
          "M42.669 511.999c0 0 170.667-341.334 469.331-341.334 298.67 0 469.335 341.334 469.335 341.334s-170.665 341.331-469.335 341.331c-298.664 0-469.331-341.331-469.331-341.331z",
          "M512 640c70.692 0 128-57.308 128-128s-57.308-128-128-128c-70.692 0-128 57.308-128 128s57.308 128 128 128z"
        ],
        "attrs": [
          {
            "fill": "none",
            "strokeLinejoin": "round",
            "strokeLinecap": "round",
            "strokeMiterlimit": "4",
            "strokeWidth": 102.4
          },
          {
            "fill": "none",
            "strokeLinejoin": "round",
            "strokeLinecap": "round",
            "strokeMiterlimit": "4",
            "strokeWidth": 102.4
          }
        ],
        "grid": 0,
        "tags": [
          "eye"
        ]
      },
      "attrs": [
        {
          "fill": "none",
          "strokeLinejoin": "round",
          "strokeLinecap": "round",
          "strokeMiterlimit": "4",
          "strokeWidth": 102.4
        },
        {
          "fill": "none",
          "strokeLinejoin": "round",
          "strokeLinecap": "round",
          "strokeMiterlimit": "4",
          "strokeWidth": 102.4
        }
      ],
      "properties": {
        "order": 100,
        "id": 11,
        "name": "eye",
        "prevSize": 32
      },
      "setIdx": 0,
      "setId": 11,
      "iconIdx": 6
    },
    {
      "icon": {
        "paths": [
          "M765.44 765.44c-72.934 55.593-161.741 86.395-253.44 87.895-298.664 0-469.331-341.335-469.331-341.335 53.073-98.906 126.683-185.318 215.893-253.44M422.402 180.906c29.369-6.874 59.438-10.311 89.598-10.24 298.67 0 469.335 341.334 469.335 341.334-25.897 48.451-56.786 94.070-92.16 136.105M602.455 602.455c-11.72 12.575-25.851 22.661-41.549 29.655-15.703 6.999-32.65 10.757-49.839 11.064-17.186 0.302-34.258-2.862-50.196-9.298s-30.416-16.020-42.571-28.175c-12.154-12.155-21.736-26.629-28.174-42.568s-9.599-33.014-9.296-50.196c0.303-17.189 4.065-34.138 11.061-49.84s17.082-29.832 29.659-41.551",
          "M42.669 42.666l938.666 938.664"
        ],
        "attrs": [
          {
            "fill": "none",
            "strokeLinejoin": "round",
            "strokeLinecap": "round",
            "strokeMiterlimit": "4",
            "strokeWidth": 102.4
          },
          {
            "fill": "none",
            "strokeLinejoin": "round",
            "strokeLinecap": "round",
            "strokeMiterlimit": "4",
            "strokeWidth": 102.4
          }
        ],
        "grid": 0,
        "tags": [
          "eye-off"
        ]
      },
      "attrs": [
        {
          "fill": "none",
          "strokeLinejoin": "round",
          "strokeLinecap": "round",
          "strokeMiterlimit": "4",
          "strokeWidth": 102.4
        },
        {
          "fill": "none",
          "strokeLinejoin": "round",
          "strokeLinecap": "round",
          "strokeMiterlimit": "4",
          "strokeWidth": 102.4
        }
      ],
      "properties": {
        "order": 101,
        "id": 10,
        "name": "eye-off",
        "prevSize": 32
      },
      "setIdx": 0,
      "setId": 11,
      "iconIdx": 7
    },
    {
      "icon": {
        "paths": [
          "M511.933 170.662c45.266 0 88.673 17.981 120.678 49.987s49.987 75.416 49.987 120.68c0 45.263-17.981 88.673-49.987 120.679s-75.412 49.987-120.678 49.987c-45.263 0-88.673-17.981-120.679-49.987s-49.987-75.416-49.987-120.679c0-45.264 17.981-88.674 49.987-120.68s75.416-49.987 120.679-49.987zM511.933 853.33c0 0 341.335 0 341.335-85.335 0-102.4-166.4-213.33-341.335-213.33-174.934 0-341.334 110.93-341.334 213.33 0 85.335 341.334 85.335 341.334 85.335z"
        ],
        "attrs": [],
        "grid": 0,
        "tags": [
          "gridicons_user"
        ]
      },
      "attrs": [],
      "properties": {
        "order": 102,
        "id": 9,
        "name": "user",
        "prevSize": 32
      },
      "setIdx": 0,
      "setId": 11,
      "iconIdx": 8
    },
    {
      "icon": {
        "paths": [
          "M512 725.331c0 39.68 0 59.52-4.362 75.795-11.836 44.173-46.338 78.675-90.509 90.515-16.277 4.358-36.116 4.358-75.796 4.358h-21.333c-59.64 0-89.46 0-112.984-9.741-31.363-12.992-56.282-37.914-69.273-69.274-9.743-23.526-9.743-53.344-9.743-112.986v-384c0-59.64 0-89.46 9.743-112.984 12.991-31.363 37.91-56.282 69.273-69.273 23.523-9.743 53.343-9.743 112.984-9.743h21.333c39.679 0 59.519 0 75.796 4.362 44.172 11.836 78.674 46.338 90.509 90.509 4.362 16.278 4.362 36.117 4.362 75.796",
          "M682.669 725.331l213.331-213.332M896 511.999l-213.331-213.333M896 511.999h-512"
        ],
        "attrs": [
          {
            "fill": "none",
            "strokeLinejoin": "round",
            "strokeLinecap": "round",
            "strokeMiterlimit": "4",
            "strokeWidth": 96
          },
          {
            "fill": "none",
            "strokeLinejoin": "round",
            "strokeLinecap": "round",
            "strokeMiterlimit": "4",
            "strokeWidth": 96
          }
        ],
        "grid": 0,
        "tags": [
          "log-out-02"
        ]
      },
      "attrs": [
        {
          "fill": "none",
          "strokeLinejoin": "round",
          "strokeLinecap": "round",
          "strokeMiterlimit": "4",
          "strokeWidth": 96
        },
        {
          "fill": "none",
          "strokeLinejoin": "round",
          "strokeLinecap": "round",
          "strokeMiterlimit": "4",
          "strokeWidth": 96
        }
      ],
      "properties": {
        "order": 104,
        "id": 7,
        "name": "log-out",
        "prevSize": 32
      },
      "setIdx": 0,
      "setId": 11,
      "iconIdx": 10
    },
    {
      "icon": {
        "paths": [
          "M273.182 170.665h1169.709",
          "M273.182 791.273h1169.709",
          "M629.364 480.973h813.531"
        ],
        "attrs": [
          {
            "fill": "none",
            "strokeLinejoin": "miter",
            "strokeLinecap": "round",
            "strokeMiterlimit": "4",
            "strokeWidth": 93.0909090909091
          },
          {
            "fill": "none",
            "strokeLinejoin": "miter",
            "strokeLinecap": "round",
            "strokeMiterlimit": "4",
            "strokeWidth": 93.0909090909091
          },
          {
            "fill": "none",
            "strokeLinejoin": "miter",
            "strokeLinecap": "round",
            "strokeMiterlimit": "4",
            "strokeWidth": 93.0909090909091
          }
        ],
        "width": 1489,
        "grid": 0,
        "tags": [
          "Nav"
        ]
      },
      "attrs": [
        {
          "fill": "none",
          "strokeLinejoin": "miter",
          "strokeLinecap": "round",
          "strokeMiterlimit": "4",
          "strokeWidth": 93.0909090909091
        },
        {
          "fill": "none",
          "strokeLinejoin": "miter",
          "strokeLinecap": "round",
          "strokeMiterlimit": "4",
          "strokeWidth": 93.0909090909091
        },
        {
          "fill": "none",
          "strokeLinejoin": "miter",
          "strokeLinecap": "round",
          "strokeMiterlimit": "4",
          "strokeWidth": 93.0909090909091
        }
      ],
      "properties": {
        "order": 105,
        "id": 6,
        "name": "menu",
        "prevSize": 32
      },
      "setIdx": 0,
      "setId": 11,
      "iconIdx": 11
    },
    {
      "icon": {
        "paths": [
          "M512 213.335v597.336",
          "M213.331 512h597.334"
        ],
        "attrs": [
          {
            "fill": "none",
            "strokeLinejoin": "round",
            "strokeLinecap": "round",
            "strokeMiterlimit": "4",
            "strokeWidth": 76.80000000000001
          },
          {
            "fill": "none",
            "strokeLinejoin": "round",
            "strokeLinecap": "round",
            "strokeMiterlimit": "4",
            "strokeWidth": 76.80000000000001
          }
        ],
        "grid": 0,
        "tags": [
          "plus"
        ]
      },
      "attrs": [
        {
          "fill": "none",
          "strokeLinejoin": "round",
          "strokeLinecap": "round",
          "strokeMiterlimit": "4",
          "strokeWidth": 76.80000000000001
        },
        {
          "fill": "none",
          "strokeLinejoin": "round",
          "strokeLinecap": "round",
          "strokeMiterlimit": "4",
          "strokeWidth": 76.80000000000001
        }
      ],
      "properties": {
        "order": 106,
        "id": 5,
        "name": "plus",
        "prevSize": 32
      },
      "setIdx": 0,
      "setId": 11,
      "iconIdx": 12
    },
    {
      "icon": {
        "paths": [
          "M469.334 810.665c188.515 0 341.331-152.817 341.331-341.331 0-188.513-152.817-341.334-341.331-341.334-188.513 0-341.334 152.82-341.334 341.334 0 188.515 152.82 341.331 341.334 341.331z",
          "M896 896l-185.6-185.6"
        ],
        "attrs": [
          {
            "fill": "none",
            "strokeLinejoin": "round",
            "strokeLinecap": "round",
            "strokeMiterlimit": "4",
            "strokeWidth": 76.80000000000001
          },
          {
            "fill": "none",
            "strokeLinejoin": "round",
            "strokeLinecap": "round",
            "strokeMiterlimit": "4",
            "strokeWidth": 76.80000000000001
          }
        ],
        "grid": 0,
        "tags": [
          "search"
        ]
      },
      "attrs": [
        {
          "fill": "none",
          "strokeLinejoin": "round",
          "strokeLinecap": "round",
          "strokeMiterlimit": "4",
          "strokeWidth": 76.80000000000001
        },
        {
          "fill": "none",
          "strokeLinejoin": "round",
          "strokeLinecap": "round",
          "strokeMiterlimit": "4",
          "strokeWidth": 76.80000000000001
        }
      ],
      "properties": {
        "order": 94,
        "id": 4,
        "name": "search",
        "prevSize": 32
      },
      "setIdx": 0,
      "setId": 11,
      "iconIdx": 13
    },
    {
      "icon": {
        "paths": [
          "M481.395 147.342c9.83-19.923 14.75-29.884 21.423-33.067 5.807-2.769 12.557-2.769 18.364 0 6.677 3.183 11.593 13.144 21.427 33.067l93.299 189.012c2.901 5.882 4.352 8.823 6.473 11.106 1.882 2.022 4.134 3.66 6.635 4.823 2.829 1.314 6.071 1.789 12.561 2.737l208.695 30.504c21.978 3.212 32.964 4.818 38.050 10.186 4.425 4.67 6.502 11.087 5.662 17.465-0.969 7.331-8.922 15.080-24.832 30.576l-150.959 147.029c-4.702 4.582-7.057 6.878-8.576 9.604-1.344 2.411-2.206 5.065-2.539 7.808-0.375 3.098 0.179 6.336 1.289 12.809l35.622 207.676c3.755 21.905 5.632 32.858 2.103 39.356-3.072 5.653-8.529 9.621-14.857 10.795-7.275 1.348-17.109-3.827-36.779-14.17l-186.569-98.116c-5.815-3.055-8.721-4.582-11.785-5.184-2.709-0.533-5.5-0.533-8.209 0-3.063 0.602-5.969 2.129-11.78 5.184l-186.572 98.116c-19.669 10.342-29.504 15.518-36.777 14.17-6.327-1.173-11.787-5.141-14.858-10.795-3.53-6.498-1.652-17.451 2.105-39.356l35.619-207.676c1.11-6.473 1.666-9.711 1.29-12.809-0.333-2.743-1.195-5.397-2.539-7.808-1.519-2.726-3.871-5.022-8.577-9.604l-150.956-147.029c-15.91-15.497-23.866-23.246-24.833-30.576-0.842-6.377 1.238-12.795 5.663-17.465 5.085-5.368 16.073-6.974 38.050-10.186l208.694-30.504c6.49-0.948 9.735-1.423 12.561-2.737 2.502-1.164 4.755-2.801 6.633-4.823 2.121-2.284 3.573-5.225 6.476-11.106l93.3-189.012z"
        ],
        "attrs": [
          {
            "fill": "none",
            "strokeLinejoin": "round",
            "strokeLinecap": "round",
            "strokeMiterlimit": "4",
            "strokeWidth": 55.46666666666667
          }
        ],
        "grid": 0,
        "tags": [
          "star-01"
        ]
      },
      "attrs": [
        {
          "fill": "none",
          "strokeLinejoin": "round",
          "strokeLinecap": "round",
          "strokeMiterlimit": "4",
          "strokeWidth": 55.46666666666667
        }
      ],
      "properties": {
        "order": 95,
        "id": 3,
        "name": "star",
        "prevSize": 32
      },
      "setIdx": 0,
      "setId": 11,
      "iconIdx": 14
    },
    {
      "icon": {
        "paths": [
          "M170.669 512h682.666M853.335 512l-170.665-170.665M853.335 512l-170.665 170.67"
        ],
        "attrs": [
          {
            "fill": "none",
            "strokeLinejoin": "round",
            "strokeLinecap": "round",
            "strokeMiterlimit": "4",
            "strokeWidth": 76.80000000000001
          }
        ],
        "grid": 0,
        "tags": [
          "switch-horizontal-01 (1)"
        ]
      },
      "attrs": [
        {
          "fill": "none",
          "strokeLinejoin": "round",
          "strokeLinecap": "round",
          "strokeMiterlimit": "4",
          "strokeWidth": 76.80000000000001
        }
      ],
      "properties": {
        "order": 96,
        "id": 2,
        "name": "switch-horizontal",
        "prevSize": 32
      },
      "setIdx": 0,
      "setId": 11,
      "iconIdx": 15
    },
    {
      "icon": {
        "paths": [
          "M853.333 725.333h-682.667M170.667 725.333l170.667-170.667M170.667 725.333l170.667 170.667",
          "M170.667 298.667h682.667M853.333 298.667l-170.667-170.667M853.333 298.667l-170.667 170.667"
        ],
        "attrs": [
          {
            "fill": "none",
            "strokeLinejoin": "round",
            "strokeLinecap": "round",
            "strokeMiterlimit": "4",
            "strokeWidth": 64
          },
          {
            "fill": "none",
            "strokeLinejoin": "round",
            "strokeLinecap": "round",
            "strokeMiterlimit": "4",
            "strokeWidth": 64
          }
        ],
        "grid": 0,
        "tags": [
          "switch-horizontal-01"
        ]
      },
      "attrs": [
        {
          "fill": "none",
          "strokeLinejoin": "round",
          "strokeLinecap": "round",
          "strokeMiterlimit": "4",
          "strokeWidth": 64
        },
        {
          "fill": "none",
          "strokeLinejoin": "round",
          "strokeLinecap": "round",
          "strokeMiterlimit": "4",
          "strokeWidth": 64
        }
      ],
      "properties": {
        "order": 97,
        "id": 1,
        "name": "switch",
        "prevSize": 32
      },
      "setIdx": 0,
      "setId": 11,
      "iconIdx": 16
    },
    {
      "icon": {
        "paths": [
          "M384 128h256M426.666 448v213.335M597.335 448v213.335",
          "M128 256h768M810.665 256l-29.921 448.824c-4.49 67.338-6.733 101.007-21.279 126.536-12.8 22.477-32.118 40.545-55.393 51.825-26.44 12.815-60.186 12.815-127.672 12.815h-128.798c-67.488 0-101.232 0-127.672-12.815-23.278-11.279-42.592-29.348-55.396-51.825-14.544-25.528-16.788-59.197-21.278-126.536l-29.921-448.824"
        ],
        "attrs": [
          {
            "fill": "none",
            "strokeLinejoin": "round",
            "strokeLinecap": "round",
            "strokeMiterlimit": "4",
            "strokeWidth": 92.16000000000001
          },
          {
            "fill": "none",
            "strokeLinejoin": "round",
            "strokeLinecap": "round",
            "strokeMiterlimit": "4",
            "strokeWidth": 92.16000000000001
          }
        ],
        "grid": 0,
        "tags": [
          "trash-03"
        ]
      },
      "attrs": [
        {
          "fill": "none",
          "strokeLinejoin": "round",
          "strokeLinecap": "round",
          "strokeMiterlimit": "4",
          "strokeWidth": 92.16000000000001
        },
        {
          "fill": "none",
          "strokeLinejoin": "round",
          "strokeLinecap": "round",
          "strokeMiterlimit": "4",
          "strokeWidth": 92.16000000000001
        }
      ],
      "properties": {
        "order": 98,
        "id": 0,
        "name": "trash",
        "prevSize": 32
      },
      "setIdx": 0,
      "setId": 11,
      "iconIdx": 17
    }
  ],
  "height": 1024,
  "preferences": {
    "showGlyphs": true,
    "showQuickUse": true,
    "showQuickUse2": true,
    "showSVGs": true,
    "fontPref": {
      "prefix": "icon-",
      "metadata": {
        "fontFamily": "icomoon"
      },
      "metrics": {
        "emSize": 1024,
        "baseline": 6.25,
        "whitespace": 50
      },
      "embed": false
    },
    "imagePref": {
      "prefix": "icon-",
      "png": false,
      "useClassSelector": true,
      "color": 0,
      "bgColor": 16777215,
      "classSelector": ".icon",
      "name": "icomoon",
      "height": 32,
      "columns": 16,
      "margin": 16
    },
    "historySize": 50,
    "showCodes": true,
    "gridSize": 16
  }
}